{
    "transform": [
        [
            0.38717472553253174,
            0.09486032277345657,
            0.9171135425567627,
            0.11318887025117874
        ],
        [
            0.09486032277345657,
            0.9853163957595825,
            -0.14196164906024933,
            -0.09984464943408966
        ],
        [
            -0.9171135425567627,
            0.14196164906024933,
            0.37249112129211426,
            0.013491000980138779
        ]
    ],
    "scale": 0.23184058129950438
}